{
  "Ogden, Utah": [
    41.221328,
    -111.957685
  ],
  "JEFFERSON, GA": [
    34.10601,
    -83.589021
  ],
  "HOPE MILLS, NC": [
    34.921277,
    -78.93292
  ],
  "COMMERCE, CA": [
    33.990654,
    -118.143777
  ],
  "JEDBURG, SC": [
    33.055725,
    -80.238428
  ],
  "ELKTON, MD": [
    39.56186,
    -75.87574
  ],
  "CARLISLE, PA": [
    40.20148,
    -77.18887
  ],
  "CARNESVILLE, GA": [
    34.363122,
    -83.254745
  ],
  "CARNEYS POINT, NJ": [
    40.107274,
    -74.665201
  ],
  "HUBBARD, OH": [
    41.15645,
    -80.56924
  ],
  "INDIANAPOLIS, IN": [
    39.775092,
    -86.13216
  ],
  "LODI, CA": [
    38.111356,
    -121.172415
  ],
  "NEW CANEY, TX": [
    30.15522,
    -95.21132
  ],
  "PECULIAR, MO": [
    38.715254,
    -94.472568
  ],
  "JURUPA VALLEY, CA": [
    40.453312,
    -122.314788
  ],
  "CANTON, MS": [
    32.625298,
    -90.008601
  ],
  "TACOMA, WA": [
    47.250158,
    -122.43903
  ],
  "NAPAVINE, WA": [
    46.578315,
    -122.901965
  ],
  "ALMA, AR": [
    35.479157,
    -94.193334
  ],
  "OBETZ, OH": [
    39.878953,
    -82.950736
  ],
  "VALPARAISO, IN": [
    41.454731,
    -87.065565
  ],
  "ONTARIO, CA": [
    34.05936,
    -117.6203
  ],
  "BRIDGEVIEW, IL": [
    41.75003,
    -87.80422
  ],
  "RIALTO, CA": [
    34.111606,
    -117.377406
  ],
  "JONESBORO, AR": [
    35.835847,
    -90.623071
  ],
  "ST MARYS, GA": [
    30.73051,
    -81.54649
  ],
  "BARTOW, FL": [
    27.918445,
    -81.790794
  ],
  "ZION, IL": [
    42.44613,
    -87.83285
  ],
  "DEXTER, MI": [
    42.353887,
    -83.898295
  ],
  "FORT WORTH, TX": [
    32.771419,
    -97.291484
  ],
  "OCALA, FL": [
    29.198907,
    -82.087425
  ],
  "BATTLE CREEK, MI": [
    42.303041,
    -85.13044
  ],
  "BLOOMSBURY, NJ": [
    40.646294,
    -75.092934
  ],
  "DUBLIN, GA": [
    33.09374,
    -84.57382
  ],
  "FORT PIERCE, FL": [
    27.412128,
    -80.534169
  ],
  "GARY, IN": [
    41.599336,
    -87.336338
  ],
  "HEBRON, IN": [
    41.347188,
    -87.152358
  ],
  "OAK CREEK, WI": [
    42.886266,
    -87.89198
  ],
  "PITTSTON, PA": [
    41.29823,
    -75.738725
  ],
  "WACO, TX": [
    31.552011,
    -97.1382
  ],
  "SHEPHERDSVILLE, KY": [
    37.959505,
    -85.704609
  ],
  "PENDLETON, KY": [
    38.473652,
    -85.300936
  ],
  "WALTERBORO, SC": [
    32.925196,
    -80.703213
  ],
  "LITHIA SPRINGS, GA": [
    33.765457,
    -84.646946
  ],
  "HACIENDA HEIGHT, CA": [
    38.511301,
    -122.927774
  ],
  "BALTIMORE, MD": [
    39.296536,
    -76.623489
  ],
  "JESSUP, MD": [
    39.155266,
    -76.813394
  ],
  "HARRISBURG, PA": [
    40.258655,
    -76.894376
  ],
  "ROBERTS, WI": [
    44.974357,
    -92.59762
  ],
  "DALLAS, TX": [
    32.781179,
    -96.790329
  ],
  "LOWELL, IN": [
    41.280102,
    -87.411308
  ],
  "MYERSTOWN (FRYS, PA": [
    40.39037,
    -76.315043
  ],
  "OGDEN, UT": [
    41.221328,
    -111.957685
  ],
  "BUFFALO, NY": [
    42.89606,
    -78.886424
  ],
  "RIPON, CA": [
    37.765177,
    -121.115411
  ],
  "PALMETTO, GA": [
    33.559191,
    -84.710082
  ],
  "ELLENSBURG, WA": [
    47.028084,
    -120.48998
  ],
  "CALHOUN, GA": [
    34.496921,
    -84.887942
  ],
  "BEAVER DAM, OH": [
    40.831419,
    -83.975831
  ],
  "BENTON, AR": [
    34.485476,
    -92.585282
  ],
  "BYRON, GA": [
    32.618051,
    -83.788976
  ],
  "CASTLETON-ON-HU, NY": [
    42.58462,
    -73.717765
  ],
  "FRANKSVILLE, WI": [
    42.785553,
    -87.995471
  ],
  "JOLIET, IL": [
    41.509668,
    -88.180211
  ],
  "OKEECHOBEE, FL": [
    27.420316,
    -80.945361
  ],
  "OSCEOLA, IA": [
    41.029937,
    -93.775845
  ],
  "Ogden, UT": [
    41.221328,
    -111.957685
  ],
  "Atlanta, GA": [
    33.844371,
    -84.47405
  ],
  "Florida": [
    28.45743,
    -82.409148
  ],
  "Georgia": [
    32.629579,
    -83.423511
  ],
  "California": [
    37.155177,
    -119.543418
  ]
}